Año;Mes;Dia; Hora
2020;05;19;19-53-45
CH1 ;CH2 ;CH3 ;CH4 ;CH5 ;CH6 ;CH7 ;CH8 ;CH9 ;CH10 ;CH11 ;CH12 ;CH13 ;CH14 ;CH15 ;CH16 ;
-29.280649367318517;1.545937711695042;-4.736162094114803;8.514581253378832;-4.540097732492859;16.7778414503076;6.809979399501198;18.064219071445205;-7.234141018450555;2.4683301268070923;2.701535618660059;0.742232055188025;17.375025998441174;-5.534964324185189;-1.80546634372554;-6.720482483045384;
