CH1 ;CH2 ;CH3 ;CH4 ;CH5 ;CH6 ;CH7 ;CH8 ;
0.0;0.0;0.0;0.0;0.0;0.0;0.0;0.0;
-10171.474238809853;-8615.524603787018;-9436.347715419259;-8296.49815517642;-137105.57813710906;-110649.49460619624;-72400.40718321886;-122118.75583157013;
-7954.67292722141;-10123.038008575202;-8039.140169518015;-9784.744356244131;-134750.17365815328;-112592.41999297381;-71364.56028992657;-122943.55755371542;
0.0;0.0;0.0;0.0;0.0;0.0;0.0;0.0;
-10148.92132865445;-8795.232629207687;-9485.342739265292;-8455.799037909394;-136925.82540819948;-110750.01040101176;-72239.56403011848;-122187.17452134783;
-10842.518310847081;-8202.397311019577;-9879.783973668096;-7893.652664858421;-137776.55515391292;-110079.77099177492;-72678.84286389862;-121892.60088117134;
