CH1 ;CH2 ;CH3 ;CH4 ;CH5 ;CH6 ;CH7 ;CH8 ;
0.0;0.0;0.0;0.0;0.0;0.0;0.0;0.0;
-8050.360745234579;-10364.10157252569;-8154.117542996114;-10015.548469489631;-135027.5811585881;-113038.09142566817;-71745.00933230035;-123067.2521075311;
-8330.428103259575;-10257.03671658477;-8373.298749124855;-9912.283410106113;-135225.416448762;-112832.94711505737;-71781.8450071627;-122996.88881598579;
0.0;0.0;0.0;0.0;0.0;0.0;0.0;0.0;
0.0;0.0;0.0;0.0;0.0;0.0;0.0;0.0;
